{
  "origin" : {
    "x" : -17243957.9643097557,
    "y" : 7677654.69387781061,
    "spatialReference" : {
      "wkid" : 54035,
      "latestWkid" : 8857
    }
  },
  "extent" : {
    "xmin" : -17243957.9643097557,
    "ymin" : -6517371.81848864816,
    "xmax" : 17243958.5622143857,
    "ymax" : 7677654.69387781061,
    "spatialReference" : {
      "wkid" : 54035,
      "latestWkid" : 8857
    }
  },
  "geodataXform" : {
    "spatialReference" : {
      "wkid" : 54035,
      "latestWkid" : 8857
    },
    "type" : "IdentityXform"
  },
  "LODInfos" : {
    "resolutions" : [
      99964.975439200411
    ],
    "levels" : [
      0
    ],
    "scales" : [
      377819623.97196674
    ],
    "dpi" : 96,
    "type" : "RasterLODInfos"
  },
  "blockWidth" : 256,
  "blockHeight" : 256,
  "bandCount" : 1,
  "pixelType" : 9,
  "pixelSizeX" : 99964.975439200411,
  "pixelSizeY" : 99964.975439200411,
  "format" : "Cache/LERC2D",
  "compressionType" : "LERC",
  "firstPyramidLevel" : 1,
  "maximumPyramidLevel" : 0,
  "packetSize" : 16,
  "compressionQuality" : 0,
  "pyramidResamplingType" : 0,
  "LERCError" : 0,
  "properties" : {
    "KIND" : "IMAGE",
    "BAND_COUNT" : "1",
    "HAS_TABLE" : "0",
    "HAS_XFORM" : "0",
    "BandProperties" : [
      {
        "NoData" : "0",
        "type" : "PropertySet"
      }
    ],
    "type" : "PropertySet"
  },
  "statistics" : [
    {
      "min" : -0.77104759216308594,
      "max" : 121.25638580322266,
      "mean" : 8.5235964170132057,
      "standardDeviation" : 8.904105370023526,
      "median" : 121.25638580322266,
      "mode" : -0.29250863767137714,
      "skipX" : 1,
      "skipY" : 1,
      "count" : 495580
    }
  ],
  "histograms" : [
    {
      "size" : 256,
      "min" : -0.77104759216308594,
      "max" : 121.25638580322266,
      "counts" : [
        1,
        17375,
        9339,
        9826,
        9316,
        9166,
        10230,
        13074,
        9155,
        8008,
        7946,
        6837,
        8868,
        12862,
        8052,
        5637,
        7080,
        5820,
        5320,
        6988,
        4947,
        3978,
        4209,
        4075,
        3721,
        8487,
        2717,
        2373,
        2730,
        2297,
        2122,
        2655,
        1849,
        1823,
        1336,
        1175,
        1476,
        1567,
        1121,
        1262,
        804,
        843,
        844,
        962,
        995,
        509,
        551,
        594,
        604,
        490,
        716,
        472,
        652,
        385,
        465,
        391,
        543,
        451,
        323,
        283,
        354,
        262,
        361,
        299,
        285,
        552,
        203,
        247,
        378,
        169,
        197,
        198,
        192,
        198,
        244,
        159,
        137,
        146,
        167,
        136,
        194,
        111,
        141,
        114,
        127,
        110,
        136,
        130,
        77,
        97,
        81,
        88,
        100,
        99,
        80,
        59,
        58,
        76,
        62,
        86,
        71,
        43,
        58,
        42,
        61,
        148,
        42,
        42,
        49,
        44,
        40,
        60,
        30,
        48,
        42,
        34,
        33,
        65,
        39,
        31,
        43,
        35,
        39,
        41,
        25,
        25,
        34,
        34,
        35,
        27,
        35,
        30,
        45,
        31,
        22,
        26,
        31,
        16,
        19,
        7,
        27,
        30,
        20,
        19,
        15,
        35,
        20,
        17,
        13,
        16,
        14,
        19,
        18,
        4,
        12,
        14,
        13,
        10,
        5,
        3,
        11,
        11,
        11,
        11,
        17,
        5,
        4,
        7,
        6,
        6,
        2,
        9,
        11,
        8,
        3,
        3,
        3,
        3,
        2,
        5,
        1,
        10,
        4,
        5,
        6,
        12,
        2,
        0,
        1,
        5,
        2,
        5,
        0,
        3,
        0,
        3,
        0,
        0,
        3,
        1,
        5,
        0,
        3,
        2,
        1,
        1,
        3,
        1,
        0,
        1,
        2,
        0,
        1,
        0,
        1,
        1,
        0,
        0,
        1,
        0,
        2,
        0,
        0,
        0,
        0,
        2,
        1,
        0,
        1,
        0,
        1,
        0,
        1,
        0,
        0,
        0,
        0,
        0,
        0,
        1,
        1,
        0,
        0,
        0,
        0,
        0,
        0,
        0,
        1,
        0,
        1,
        0,
        0,
        0,
        0,
        1
      ]
    }
  ],
  "mdInfo" : {
    "variables" : [
      {
        "name" : "PM 2.5",
        "dimensions" : [
          {
            "name" : "StdTime",
            "field" : "StdTime",
            "description" : "",
            "unit" : "",
            "interval" : 1,
            "hasRegularIntervals" : true,
            "intervalUnit" : "Years",
            "extent" : [
              883641600000,
              1451635200000
            ],
            "hasRanges" : false,
            "values" : [
              883641600000,
              915177600000,
              946713600000,
              978336000000,
              1009872000000,
              1041408000000,
              1072944000000,
              1104566400000,
              1136102400000,
              1167638400000,
              1199174400000,
              1230796800000,
              1262332800000,
              1293868800000,
              1325404800000,
              1357027200000,
              1388563200000,
              1420099200000,
              1451635200000
            ]
          }
        ]
      }
    ],
    "layout" : 1,
    "type" : "MultidimensionalInfo"
  },
  "type" : "RasterInfo"
}